<?xml version="1.0" encoding="UTF-8" ?>
<!DOCTYPE mapper PUBLIC "-//mybatis.org//DTD Mapper 3.0//EN"
    "http://mybatis.org/dtd/mybatis-3-mapper.dtd">
<mapper namespace="com.foodshop.dao.user.UserMapper">
    <!-- 当数据库中的字段信息与对象的属性不一致时需要通过resultMap来映射 -->
    <resultMap type="User" id="userList">
        <!-- <result property="id" column="id" />
        <result property="userCode" column="userCode" />
        <result property="userName" column="userName" />
        <result property="phone" column="phone" />
        <result property="birthday" column="birthday" />
        <result property="gender" column="gender" />
        <result property="userRole" column="userRole" /> 
        <result property="userRoleName" column="UserName" />-->
        <result property="UserName" column="UserName" />
        <result property="PassWord" column="PassWord" />
      
    </resultMap>
    <!-- 查询用户列表(参数：对象入参) -->
    <select id="getLoginUser" resultMap="userList" parameterType="User">
    select * from user_table where UserName=#{UserName} and PassWord=#{PassWord}
    </select>
    <!-- 注册 -->
    <insert id="addUser" parameterType="User">
    	insert into user_table (UserName,PassWord) values(#{UserName},#{PassWord})
    </insert>
    <!-- 商品详细页的信息-->
     <select id="showGoods" resultMap="userList" parameterType="User">
    select * from goods_table g,image_table i<if test="GoodsId !=null"> where i.GoodsId=g.GoodsId and i.GoodsId=#{GoodsId} <if test="InfoShow !=null">and i.InfoShow=#{InfoShow}</if></if>order by ImageId 
    </select>
    <!-- 商品详细页的展示信息-->
     <select id="showInfo" resultMap="userList" parameterType="User">
    select * from goods_table <if test="GoodsId !=null"> where GoodsId=#{GoodsId}</if> order by GoodsId 
    </select>
    
    <!-- 首页的照片轮播显示 -->
    <select id="showIndexImage" resultMap="userList" parameterType="User">
    	select * from image_table i,goods_table g where g.GoodsId=i.GoodsId and i.IndexnShow=#{IndexnShow}
    </select>
   <!-- 加入购物车 -->
    <insert id="addCar" parameterType="User">
    	insert into car_table (GoodsId,Sum,UserName) values(#{GoodsId},#{Sum},#{UserName})
    </insert>
    <!-- 显示购物车信息 -->
     <select id="showCar" resultMap="userList" parameterType="User">
    	select *
		from user_table u,goods_table g,car_table c,image_table i
		where g.GoodsId=i.GoodsId 
		and g.GoodsId=c.GoodsId 
		and u.UserName=c.UserName
		and i.IndexnShow=1
		and c.UserName=#{UserName}
		and c.clear=#{clear}
		GROUP BY c.CarId
 		order by ImageId 
    </select>
    <select id="showCar1" resultMap="userList" parameterType="User">
   	    select *
		from user_table u,goods_table g,car_table c,image_table i,order_table o
		where g.GoodsId=i.GoodsId 
		and g.GoodsId=c.GoodsId 
		and u.UserName=c.UserName
		and o.OrderId=c.OrderId
		and i.IndexnShow=1
		and c.UserName=#{UserName}
		and o.Pay=0
		and c.clear=#{clear}
		GROUP BY c.CarId
 		order by c.OrderId desc  limit 1
    </select>
    <!-- 显示未付款所有订单 -->
     <select id="showAllOrder" resultMap="userList" parameterType="User">
   	    select *
		from user_table u,goods_table g,car_table c,image_table i,order_table o
		where g.GoodsId=i.GoodsId 
		and g.GoodsId=c.GoodsId 
		and u.UserName=c.UserName
		and i.IndexnShow=1
		and o.Pay=0
		and c.UserName=#{UserName}
		and c.clear=#{clear}
		GROUP BY c.CarId
 		order by c.OrderId desc
    </select>
    <!-- 删除购物车-->
    <delete id="delCar"  parameterType="User">
    	delete from car_table  where GoodsId=#{GoodsId}
    </delete>
    <!-- 判断购物车是不是有这个商品-->
     <select id="checkCar" resultMap="userList" parameterType="User">
    	select * from car_table where clear=0 and UserName=#{UserName}<if test="GoodsId !=null"> and GoodsId=#{GoodsId}</if>
    </select>
    <!-- 购物车+1-1 -->
    <update id="jia" parameterType="User">
    update car_table set Sum=#{Sum} where GoodsId=#{GoodsId}
    </update>
    <!-- 添加订单-->
   <insert id="addOrder" parameterType="User">
    	insert into  order_table (UserName,SumPrice,Pay) values(#{UserName},#{SumPrice},#{Pay})
    </insert>
    <!-- 把clear变为0 -->
    <update id="clear" parameterType="User">
      update car_table set OrderId=(select OrderId from order_table order by OrderId desc limit 1 ) where clear=0;
  	  update car_table set clear=1 where UserName=#{UserName};
    </update>
    <!-- 总价 -->
     <select id="SumPrice" resultMap="userList" parameterType="User">
    	select *
		from user_table u,goods_table g,car_table c,image_table i,order_table o
		where g.GoodsId=i.GoodsId 
		and g.GoodsId=c.GoodsId 
		and u.UserName=c.UserName
		and o.OrderId=c.OrderId
		and i.IndexnShow=1
		and c.UserName=#{UserName}
		and c.clear=#{clear}
		group by SumPrice
 		order by ImageId 
    </select>
    <select id="SumPrice1" resultMap="userList" parameterType="User">
    	select *
		from user_table u,goods_table g,car_table c,image_table i,order_table o
		where g.GoodsId=i.GoodsId 
		and g.GoodsId=c.GoodsId 
		and u.UserName=c.UserName
		and o.OrderId=c.OrderId
		and i.IndexnShow=1
		and c.UserName=#{UserName}
		and c.clear=#{clear}
		group by SumPrice
 		order by ImageId limit 1
    </select>
    <!-- 添加团购用户信息 -->
    <insert id="addGb" parameterType="list">
    	insert into GroupBuy_table (UserName) values(#{UserName})
    </insert>
    <update id="updateGb" parameterType="User">
      update GroupBuy_table set UserName=#{UserName} where flag=0;
      update GroupBuy_table set flag1=#{flag1} where flag=0;
    </update>
     <select id="selGb" resultMap="userList" parameterType="User">
    	select * from GroupBuy_table where flag=0 order by GroupBuyId  limit 1
    </select>
    <update id="updateFlag" parameterType="User">
      update GroupBuy_table set flag=1 where flag=0;
    </update>
    <!-- 挑选头像 -->
    <select id="head" resultMap="userList" parameterType="User">
    select * from user_table where UserName=#{UserName}
    </select>
    <select id="phoneCheck" resultMap="userList" parameterType="User">
    select * from user_table where UserName=#{UserName}
    </select>
    <!-- 显示红包 -->
    <select id="selLuck" resultMap="userList" parameterType="User">
     select * from Luck_table  where GoodsId=#{GoodsId}   <if test="luckPrice !=null">and luckPrice=#{luckPrice }</if>
    </select>
    <!-- 显示各人红包 -->
    <select id="selLuck1" resultMap="userList" parameterType="User">
     	select * from Luck_table  where FIND_IN_SET(#{UserName},UserName) and !FIND_IN_SET(#{UserName},usen)
     	<if test="LuckId !=null">and LuckId=#{LuckId }</if>
		and GoodsId in(
		select g.GoodsId
		from user_table u,goods_table g,car_table c,image_table i
		where g.GoodsId=i.GoodsId 
		and g.GoodsId=c.GoodsId 
		and u.UserName=c.UserName
		and i.IndexnShow=1
		and c.UserName=#{UserName}
		and c.clear=#{clear}
		GROUP BY c.CarId
 		order by ImageId )
    </select>
    <!-- 领取红包 -->
    <update id="acquiryLuck" parameterType="User">
      update Luck_table set UserName=#{UserName},ShuLiang=#{ShuLiang} where GoodsId=#{GoodsId};
    </update>
    <!-- 使用红包 -->
     <update id="useLuck" parameterType="User">
      update Luck_table set usen=#{usen} where FIND_IN_SET(#{UserName},UserName) and !FIND_IN_SET(#{UserName},usen) and LuckId=#{LuckId};
    </update>
    <!-- 使用红包 -->
     <update id="updatePay" parameterType="User">
      update order_table set Pay=1 where OrderId=#{OrderId};
    </update>
    <!-- 管理员功能 -->
    <insert id="addminAdd" parameterType="User">
    	insert into  goods_table (GoodsId,GoodsName,price) values(#{GoodsId},#{GoodsName},#{price});
    	insert into  image_table (Address,GoodsID,InfoShow,IndexnShow) values(#{Address},#{GoodsId},#{InfoShow},#{IndexnShow})
    </insert>
     <update id="addminupdate" parameterType="User">
     update goods_table set GoodsName=#{GoodsName},price=#{price} where GoodsId=#{GoodsId};
    </update>
     <delete id="addmindelete"  parameterType="User">
    	delete from goods_table  where GoodsId=#{GoodsId};
    	delete from image_table  where GoodsId=#{GoodsId};
    </delete>
    <!-- 模糊查询-->
    <select id="showIndexImage1" resultMap="userList" parameterType="User">
    	select * from image_table i,goods_table g where g.GoodsId=i.GoodsId and i.IndexnShow=#{IndexnShow} and g.GoodsName like CONCAT('%',#{GoodsName},'%');
    </select>
    
</mapper>