<beans xmlns="http://www.springframework.org/schema/beans"     
    xmlns:xsi="http://www.w3.org/2001/XMLSchema-instance"           
    xmlns:context="http://www.springframework.org/schema/context"   
    xmlns:aop="http://www.springframework.org/schema/aop"       
    xmlns:tx="http://www.springframework.org/schema/tx"         
    xmlns:util="http://www.springframework.org/schema/util"         
    xmlns:p="http://www.springframework.org/schema/p"               
    xsi:schemaLocation="http://www.springframework.org/schema/beans                             
                        http://www.springframework.org/schema/beans/spring-beans-3.2.xsd        
                        http://www.springframework.org/schema/context                           
                        http://www.springframework.org/schema/context/spring-context-3.2.xsd    
                        http://www.springframework.org/schema/aop                               
                        http://www.springframework.org/schema/aop/spring-aop-3.2.xsd
                        http://www.springframework.org/schema/tx                            
                        http://www.springframework.org/schema/tx/spring-tx-3.2.xsd                      
                        http://www.springframework.org/schema/util                          
                        http://www.springframework.org/schema/util/spring-util-3.2.xsd"> 
                        
    <bean id="dataSource" class="org.apache.commons.dbcp.BasicDataSource"
        destroy-method="close">
        <property name="driverClassName" value="com.mysql.jdbc.Driver" />
        <!-- <property name="url">
            <value><![CDATA[jdbc:mysql://127.0.0.1:3306/smbms?
                    useUnicode=true&characterEncoding=utf-8]]></value>
        </property> -->
        <property name="url" value="jdbc:mysql://127.0.0.1:3306/foodshop?
                        useUnicode=true&amp;characterEncoding=utf-8&amp;allowMultiQueries=true" />
        <property name="username" value="root" />
        <property name="password" value="123456" />
    </bean>
    <!-- 配置SqlSessionFactoryBean -->
    <bean id="sqlSessionFactory" class="org.mybatis.spring.SqlSessionFactoryBean">
    	<property name="dataSource" ref="dataSource"></property>
    	<property name="configLocation" value="classpath:mybatis-config.xml"></property>
    </bean>
    <!-- 配置DAO -->
    <bean class="org.mybatis.spring.mapper.MapperScannerConfigurer">
    	<property name="basePackage" value="com.foodshop.dao"></property>
    </bean>
   
    <!-- 配置业务Bean -->
    <bean id="userService" class="com.foodshop.service.user.UserServiceImpl">
        <property name="userMapper" ref="userMapper" />
    </bean>
     <!-- 配置扫描注解定义的业务bean -->
   	<context:component-scan base-package="com.foodshop.service"></context:component-scan>
</beans>